Segment,adoption_score_avg,engagement_score_avg,risk_score_avg,financial_score_avg,R2,N
Late Volume Plan,0.6017975595461638,-0.01610150779287898,0.3679280437926738,-0.014172888868283428,0.07829616333839862,3332
Early Volume Plan,0.5365757414699527,-0.4048715908792412,0.0036987387922744644,-0.054853928858531555,0.05981546459738751,4203
Early Savings Plan,0.6309064351596869,-0.061936115287991346,0.07896780863910409,0.22818964091321778,0.07055997376864609,5878
Late Savings Plan,0.35164491778651763,0.054004619960519654,0.20577717346512747,0.38857328878783526,0.1066462209331398,5068
PAYG,0.43269924362601814,0.479519357062146,0.031505673354741116,0.056275725957094846,0.2030641486599717,243
